{
    "target": "GDP",
    "linear_regression": {
        "r2": 0.9990514980356847,
        "mae": 38.14923101869809,
        "rmse": 144.4220400820578
    },
    "random_forest": {
        "r2": -1.7767762518405843,
        "mae": 6239.247653880133,
        "rmse": 7814.205016613945
    }
}