{
    "target": "FEDFUNDS",
    "linear_regression": {
        "r2": 0.9915413383407433,
        "mae": 0.08578213147485989,
        "rmse": 0.1651867067993233
    },
    "random_forest": {
        "r2": 0.9943397909766647,
        "mae": 0.08331569664903077,
        "rmse": 0.13512649218006445
    }
}