{
    "target": "CPI",
    "linear_regression": {
        "r2": 0.9999175937464471,
        "mae": 0.19999806897877478,
        "rmse": 0.28289838796035327
    },
    "random_forest": {
        "r2": -1.6784370567555502,
        "mae": 40.46407211640214,
        "rmse": 51.00245837546626
    }
}